run_id,thoi_gian,mo_hinh,bo_dac_trung,giai_doan,giao_thuc_chia,data_sha256,tham_so,macro_f1,macro_f1_std,n,macro_f1_w_ndup,precision_BENIGN,recall_BENIGN,f1_BENIGN,support_BENIGN,auc_BENIGN,prauc_BENIGN,precision_DoS/DDoS,recall_DoS/DDoS,f1_DoS/DDoS,support_DoS/DDoS,auc_DoS/DDoS,prauc_DoS/DDoS,precision_PortScan,recall_PortScan,f1_PortScan,support_PortScan,auc_PortScan,prauc_PortScan,precision_BruteForce,recall_BruteForce,f1_BruteForce,support_BruteForce,auc_BruteForce,prauc_BruteForce,auc_ovr_macro,fpr_benign,detection_rate,auc_attack_vs_benign,accuracy_chi_tham_khao,fit_giay,vong_hoac_epoch,fpr_benign_std,detection_rate_std,ms_per_batch,batch_rows,ms_per_1_flow,train_bo
20260929-041641-lgbm,2026-09-29 04:42:50,LightGBM,F_NOOS,tune_cv4_mau,"dedup vector trùng (F_ALL) + 5 fold theo nhóm (hash F_NOOS), phân tầng bộ dữ liệu×lớp, test = fold 0, seed 42",0e0a7f9226508a4acce7dce12d46e010bb59c171eb210581c5d79378bd977978,"{""subsample"": 0.7, ""reg_lambda"": 0, ""num_leaves"": 31, ""min_child_samples"": 100, ""learning_rate"": 0.1, ""cw_power"": 0.5, ""colsample_bytree"": 0.8}",0.99884,0.000297,299072.0,,,,,,,,,,,,,,,,,,,,,,,,,,,,,,,,,,,,,,
20260929-041641-lgbm,2026-09-29 04:44:45,LightGBM,F_NOOS,cv_fold1,"dedup vector trùng (F_ALL) + 5 fold theo nhóm (hash F_NOOS), phân tầng bộ dữ liệu×lớp, test = fold 0, seed 42",0e0a7f9226508a4acce7dce12d46e010bb59c171eb210581c5d79378bd977978,"{""subsample"": 0.7, ""reg_lambda"": 0, ""num_leaves"": 31, ""min_child_samples"": 100, ""learning_rate"": 0.1, ""cw_power"": 0.5, ""colsample_bytree"": 0.8}",0.998447,,519446.0,0.999745,0.999846,0.999865,0.999856,423156.0,0.999997,0.999999,0.99923,0.999217,0.999223,75330.0,0.999997,0.999986,0.997409,0.992268,0.994832,388.0,0.999994,0.997333,1.0,0.999757,0.999878,20572.0,1.0,0.999998,0.999997,0.000135,0.999325,0.999997,0.999761,98.9,190.0,,,,,,
20260929-041641-lgbm,2026-09-29 04:46:34,LightGBM,F_NOOS,cv_fold2,"dedup vector trùng (F_ALL) + 5 fold theo nhóm (hash F_NOOS), phân tầng bộ dữ liệu×lớp, test = fold 0, seed 42",0e0a7f9226508a4acce7dce12d46e010bb59c171eb210581c5d79378bd977978,"{""subsample"": 0.7, ""reg_lambda"": 0, ""num_leaves"": 31, ""min_child_samples"": 100, ""learning_rate"": 0.1, ""cw_power"": 0.5, ""colsample_bytree"": 0.8}",0.998797,,523414.0,0.998724,0.999855,0.999857,0.999856,427157.0,0.999996,0.999999,0.99919,0.999269,0.99923,75289.0,0.999998,0.99999,1.0,0.992424,0.996198,396.0,0.999944,0.99314,1.0,0.999806,0.999903,20572.0,1.0,0.999999,0.999984,0.000143,0.999356,0.999996,0.999765,92.7,172.0,,,,,,
20260929-041641-lgbm,2026-09-29 04:48:46,LightGBM,F_NOOS,cv_fold3,"dedup vector trùng (F_ALL) + 5 fold theo nhóm (hash F_NOOS), phân tầng bộ dữ liệu×lớp, test = fold 0, seed 42",0e0a7f9226508a4acce7dce12d46e010bb59c171eb210581c5d79378bd977978,"{""subsample"": 0.7, ""reg_lambda"": 0, ""num_leaves"": 31, ""min_child_samples"": 100, ""learning_rate"": 0.1, ""cw_power"": 0.5, ""colsample_bytree"": 0.8}",0.998135,,521461.0,0.991807,0.999868,0.999842,0.999855,425192.0,0.99999,0.999998,0.999177,0.999402,0.99929,75306.0,0.999997,0.999984,0.987406,1.0,0.993663,392.0,0.999996,0.990602,1.0,0.999465,0.999733,20571.0,0.999997,0.999956,0.999995,0.000158,0.999418,0.99999,0.999764,117.3,188.0,,,,,,
20260929-041641-lgbm,2026-09-29 04:49:57,LightGBM,F_NOOS,cv_fold4,"dedup vector trùng (F_ALL) + 5 fold theo nhóm (hash F_NOOS), phân tầng bộ dữ liệu×lớp, test = fold 0, seed 42",0e0a7f9226508a4acce7dce12d46e010bb59c171eb210581c5d79378bd977978,"{""subsample"": 0.7, ""reg_lambda"": 0, ""num_leaves"": 31, ""min_child_samples"": 100, ""learning_rate"": 0.1, ""cw_power"": 0.5, ""colsample_bytree"": 0.8}",0.99977,,520658.0,0.99852,0.999901,0.999837,0.999869,424392.0,0.999994,0.999999,0.999084,0.999482,0.999283,75305.0,0.999996,0.999984,1.0,1.0,1.0,391.0,1.0,1.0,1.0,0.999854,0.999927,20570.0,0.999999,0.999983,0.999997,0.000163,0.999564,0.999994,0.999787,63.4,97.0,,,,,,
20260929-041641-lgbm,2026-09-29 04:49:57,LightGBM,F_NOOS,cv4_trung_binh,"dedup vector trùng (F_ALL) + 5 fold theo nhóm (hash F_NOOS), phân tầng bộ dữ liệu×lớp, test = fold 0, seed 42",0e0a7f9226508a4acce7dce12d46e010bb59c171eb210581c5d79378bd977978,"{""subsample"": 0.7, ""reg_lambda"": 0, ""num_leaves"": 31, ""min_child_samples"": 100, ""learning_rate"": 0.1, ""cw_power"": 0.5, ""colsample_bytree"": 0.8}",0.998787,0.000614,,0.997199,0.999868,0.99985,0.999859,,0.999994,0.999999,0.99917,0.999343,0.999256,,0.999997,0.999986,0.996204,0.996173,0.996173,,0.999984,0.995269,1.0,0.999721,0.99986,,0.999999,0.999984,0.999993,0.00015,0.999416,0.999994,0.999769,,,1.1e-05,9.2e-05,,,,
20260929-041641-lgbm,2026-09-29 04:51:56,LightGBM,F_NOOS,test_argmax,"dedup vector trùng (F_ALL) + 5 fold theo nhóm (hash F_NOOS), phân tầng bộ dữ liệu×lớp, test = fold 0, seed 42",0e0a7f9226508a4acce7dce12d46e010bb59c171eb210581c5d79378bd977978,"{""subsample"": 0.7, ""reg_lambda"": 0, ""num_leaves"": 31, ""min_child_samples"": 100, ""learning_rate"": 0.1, ""cw_power"": 0.5, ""colsample_bytree"": 0.8, ""threshold"": null}",0.998834,,521936.0,0.996547,0.99989,0.999864,0.999877,425682.0,0.999995,0.999999,0.99927,0.999429,0.999349,75288.0,0.999999,0.999995,0.992443,1.0,0.996207,394.0,0.999997,0.993022,1.0,0.999806,0.999903,20572.0,1.0,0.999999,0.999998,0.000136,0.999512,0.999995,0.999799,109.4,131.0,,,140.3,10000.0,1.56,
20260929-041641-lgbm,2026-09-29 04:51:58,LightGBM,F_NOOS,test_nguong,"dedup vector trùng (F_ALL) + 5 fold theo nhóm (hash F_NOOS), phân tầng bộ dữ liệu×lớp, test = fold 0, seed 42",0e0a7f9226508a4acce7dce12d46e010bb59c171eb210581c5d79378bd977978,"{""subsample"": 0.7, ""reg_lambda"": 0, ""num_leaves"": 31, ""min_child_samples"": 100, ""learning_rate"": 0.1, ""cw_power"": 0.5, ""colsample_bytree"": 0.8, ""threshold"": 0.5}",0.998834,,521936.0,0.996547,0.99989,0.999864,0.999877,425682.0,0.999995,0.999999,0.99927,0.999429,0.999349,75288.0,0.999999,0.999995,0.992443,1.0,0.996207,394.0,0.999997,0.993022,1.0,0.999806,0.999903,20572.0,1.0,0.999999,0.999998,0.000136,0.999512,0.999995,0.999799,109.4,131.0,,,140.3,10000.0,1.56,
20260929-041641-lgbm,2026-09-29 04:57:41,LightGBM,F_NOOS,cheo_test2017,"dedup vector trùng (F_ALL) + 5 fold theo nhóm (hash F_NOOS), phân tầng bộ dữ liệu×lớp, test = fold 0, seed 42",0e0a7f9226508a4acce7dce12d46e010bb59c171eb210581c5d79378bd977978,"{""subsample"": 0.7, ""reg_lambda"": 0, ""num_leaves"": 31, ""min_child_samples"": 100, ""learning_rate"": 0.1, ""cw_power"": 0.5, ""colsample_bytree"": 0.8}",0.395211,,1992275.0,,0.857164,0.969666,0.909951,1676871.0,0.634664,0.88337,0.46506,0.14424,0.220188,306365.0,0.631917,0.314243,,,,,,,0.877966,0.028654,0.055496,9039.0,0.676087,0.115857,0.647556,0.030334,0.140927,0.634665,0.838466,,,,,,,,2018+2019
20260929-041641-lgbm,2026-09-29 04:58:25,LightGBM,F_NOOS,cheo_test2018,"dedup vector trùng (F_ALL) + 5 fold theo nhóm (hash F_NOOS), phân tầng bộ dữ liệu×lớp, test = fold 0, seed 42",0e0a7f9226508a4acce7dce12d46e010bb59c171eb210581c5d79378bd977978,"{""subsample"": 0.7, ""reg_lambda"": 0, ""num_leaves"": 31, ""min_child_samples"": 100, ""learning_rate"": 0.1, ""cw_power"": 0.5, ""colsample_bytree"": 0.8}",0.451548,,534895.0,,0.824378,0.998436,0.903097,441077.0,0.943632,0.989325,,,,,,,,,,,,,0.0,0.0,0.0,93818.0,0.994845,0.95758,0.969238,0.001564,0.0,0.943632,0.823315,,,,,,,,2017+2019
20260929-041641-lgbm,2026-09-29 04:59:26,LightGBM,F_NOOS,cheo_test2019,"dedup vector trùng (F_ALL) + 5 fold theo nhóm (hash F_NOOS), phân tầng bộ dữ liệu×lớp, test = fold 0, seed 42",0e0a7f9226508a4acce7dce12d46e010bb59c171eb210581c5d79378bd977978,"{""subsample"": 0.7, ""reg_lambda"": 0, ""num_leaves"": 31, ""min_child_samples"": 100, ""learning_rate"": 0.1, ""cw_power"": 0.5, ""colsample_bytree"": 0.8}",0.005246,,70429.0,,0.005014,1.0,0.009978,353.0,0.771968,0.100958,1.0,0.000257,0.000514,70076.0,0.777379,0.997634,,,,,,,,,,,,,0.774674,0.0,0.000371,0.771968,0.005268,,,,,,,,2017+2018
20260929-041641-lgbm,2026-09-29 05:01:09,LightGBM,F_ALL,cv_fold1,"dedup vector trùng (F_ALL) + 5 fold theo nhóm (hash F_NOOS), phân tầng bộ dữ liệu×lớp, test = fold 0, seed 42",0e0a7f9226508a4acce7dce12d46e010bb59c171eb210581c5d79378bd977978,"{""subsample"": 0.7, ""reg_lambda"": 0, ""num_leaves"": 31, ""min_child_samples"": 100, ""learning_rate"": 0.1, ""cw_power"": 0.5, ""colsample_bytree"": 0.8}",0.998624,,519446.0,0.9999,0.999943,0.999976,0.99996,423156.0,0.999998,1.0,0.999867,0.999735,0.999801,75330.0,0.999998,0.99999,0.997409,0.992268,0.994832,388.0,0.999998,0.998325,0.999951,0.999854,0.999903,20572.0,1.0,1.0,0.999998,2.4e-05,0.999751,0.999998,0.999931,91.3,161.0,,,,,,
20260929-041641-lgbm,2026-09-29 05:03:06,LightGBM,F_ALL,test_argmax,"dedup vector trùng (F_ALL) + 5 fold theo nhóm (hash F_NOOS), phân tầng bộ dữ liệu×lớp, test = fold 0, seed 42",0e0a7f9226508a4acce7dce12d46e010bb59c171eb210581c5d79378bd977978,"{""subsample"": 0.7, ""reg_lambda"": 0, ""num_leaves"": 31, ""min_child_samples"": 100, ""learning_rate"": 0.1, ""cw_power"": 0.5, ""colsample_bytree"": 0.8, ""threshold"": null}",0.998982,,521936.0,0.999922,0.999972,0.99996,0.999966,425682.0,0.999997,0.999999,0.999814,0.999894,0.999854,75288.0,1.0,1.0,0.992443,1.0,0.996207,394.0,0.999997,0.992385,1.0,0.999806,0.999903,20572.0,1.0,1.0,0.999999,4e-05,0.999875,0.999997,0.999944,104.6,121.0,,,126.2,10000.0,1.62,
20260929-041641-lgbm,2026-09-29 05:03:08,LightGBM,F_ALL,test_nguong,"dedup vector trùng (F_ALL) + 5 fold theo nhóm (hash F_NOOS), phân tầng bộ dữ liệu×lớp, test = fold 0, seed 42",0e0a7f9226508a4acce7dce12d46e010bb59c171eb210581c5d79378bd977978,"{""subsample"": 0.7, ""reg_lambda"": 0, ""num_leaves"": 31, ""min_child_samples"": 100, ""learning_rate"": 0.1, ""cw_power"": 0.5, ""colsample_bytree"": 0.8, ""threshold"": 0.48000000000000004}",0.998981,,521936.0,0.99992,0.999972,0.999958,0.999965,425682.0,0.999997,0.999999,0.999801,0.999894,0.999847,75288.0,1.0,1.0,0.992443,1.0,0.996207,394.0,0.999997,0.992385,1.0,0.999806,0.999903,20572.0,1.0,1.0,0.999999,4.2e-05,0.999875,0.999997,0.999943,104.6,121.0,,,126.2,10000.0,1.62,
20260929-041641-lgbm,2026-09-29 05:09:58,LightGBM,F_ALL,cheo_test2017,"dedup vector trùng (F_ALL) + 5 fold theo nhóm (hash F_NOOS), phân tầng bộ dữ liệu×lớp, test = fold 0, seed 42",0e0a7f9226508a4acce7dce12d46e010bb59c171eb210581c5d79378bd977978,"{""subsample"": 0.7, ""reg_lambda"": 0, ""num_leaves"": 31, ""min_child_samples"": 100, ""learning_rate"": 0.1, ""cw_power"": 0.5, ""colsample_bytree"": 0.8}",0.372633,,1992275.0,,0.855746,0.974464,0.911255,1676871.0,0.567372,0.855036,0.497565,0.1304,0.206644,306365.0,0.574047,0.265394,,,,,,,0.0,0.0,0.0,9039.0,0.816277,0.04356,0.652566,0.025536,0.126666,0.567372,0.840245,,,,,,,,2018+2019
20260929-041641-lgbm,2026-09-29 05:10:53,LightGBM,F_ALL,cheo_test2018,"dedup vector trùng (F_ALL) + 5 fold theo nhóm (hash F_NOOS), phân tầng bộ dữ liệu×lớp, test = fold 0, seed 42",0e0a7f9226508a4acce7dce12d46e010bb59c171eb210581c5d79378bd977978,"{""subsample"": 0.7, ""reg_lambda"": 0, ""num_leaves"": 31, ""min_child_samples"": 100, ""learning_rate"": 0.1, ""cw_power"": 0.5, ""colsample_bytree"": 0.8}",0.45114,,534895.0,,0.82414,0.996792,0.902281,441077.0,0.97527,0.995596,,,,,,,,,,,,,0.0,0.0,0.0,93818.0,0.99999,0.999718,0.98763,0.003208,0.0,0.97527,0.821959,,,,,,,,2017+2019
20260929-041641-lgbm,2026-09-29 05:12:15,LightGBM,F_ALL,cheo_test2019,"dedup vector trùng (F_ALL) + 5 fold theo nhóm (hash F_NOOS), phân tầng bộ dữ liệu×lớp, test = fold 0, seed 42",0e0a7f9226508a4acce7dce12d46e010bb59c171eb210581c5d79378bd977978,"{""subsample"": 0.7, ""reg_lambda"": 0, ""num_leaves"": 31, ""min_child_samples"": 100, ""learning_rate"": 0.1, ""cw_power"": 0.5, ""colsample_bytree"": 0.8}",0.005117,,70429.0,,0.005,0.997167,0.00995,353.0,0.511067,0.005131,0.909091,0.000143,0.000285,70076.0,0.829916,0.998015,,,,,,,,,,,,,0.670491,0.002833,0.000342,0.511067,0.00514,,,,,,,,2017+2018
