run_id,thoi_gian,mo_hinh,bo_dac_trung,giai_doan,giao_thuc_chia,data_sha256,tham_so,macro_f1,macro_f1_std,n,macro_f1_w_ndup,precision_BENIGN,recall_BENIGN,f1_BENIGN,support_BENIGN,auc_BENIGN,prauc_BENIGN,precision_DoS/DDoS,recall_DoS/DDoS,f1_DoS/DDoS,support_DoS/DDoS,auc_DoS/DDoS,prauc_DoS/DDoS,precision_PortScan,recall_PortScan,f1_PortScan,support_PortScan,auc_PortScan,prauc_PortScan,precision_BruteForce,recall_BruteForce,f1_BruteForce,support_BruteForce,auc_BruteForce,prauc_BruteForce,auc_ovr_macro,fpr_benign,detection_rate,auc_attack_vs_benign,accuracy_chi_tham_khao,fit_giay,fpr_benign_std,detection_rate_std,ms_per_batch,batch_rows,ms_per_1_flow,nut_moi_cay,train_bo
20260928-152254-rf,2026-09-28 15:49:40,RandomForest,F_NOOS,tune_cv4_mau,"dedup vector trùng (F_ALL) + 5 fold theo nhóm (hash F_NOOS), phân tầng bộ dữ liệu×lớp, test = fold 0, seed 42",0e0a7f9226508a4acce7dce12d46e010bb59c171eb210581c5d79378bd977978,"{""min_samples_leaf"": 1, ""max_samples"": 0.25, ""max_features"": 0.35, ""max_depth"": 40, ""class_weight"": null, ""n_estimators"": 100}",0.998577,0.000286,299072.0,,,,,,,,,,,,,,,,,,,,,,,,,,,,,,,,,,,,,,
20260928-152254-rf,2026-09-28 16:04:20,RandomForest,F_NOOS,cv_fold1,"dedup vector trùng (F_ALL) + 5 fold theo nhóm (hash F_NOOS), phân tầng bộ dữ liệu×lớp, test = fold 0, seed 42",0e0a7f9226508a4acce7dce12d46e010bb59c171eb210581c5d79378bd977978,"{""min_samples_leaf"": 1, ""max_samples"": 0.25, ""max_features"": 0.35, ""max_depth"": 40, ""class_weight"": null, ""n_estimators"": 200}",0.998674,,519446.0,0.999655,0.999712,0.999879,0.999796,423156.0,0.999943,0.999974,0.999322,0.998487,0.998904,75330.0,0.999928,0.999848,1.0,0.992268,0.996119,388.0,0.998709,0.996417,1.0,0.999757,0.999878,20572.0,1.0,1.0,0.999645,0.000121,0.998733,0.999943,0.999667,874.7,,,,,,,
20260928-152254-rf,2026-09-28 16:18:49,RandomForest,F_NOOS,cv_fold2,"dedup vector trùng (F_ALL) + 5 fold theo nhóm (hash F_NOOS), phân tầng bộ dữ liệu×lớp, test = fold 0, seed 42",0e0a7f9226508a4acce7dce12d46e010bb59c171eb210581c5d79378bd977978,"{""min_samples_leaf"": 1, ""max_samples"": 0.25, ""max_features"": 0.35, ""max_depth"": 40, ""class_weight"": null, ""n_estimators"": 200}",0.998686,,523414.0,0.998537,0.999761,0.999855,0.999808,427157.0,0.999962,0.999984,0.999203,0.998805,0.999004,75289.0,0.999961,0.999892,1.0,0.992424,0.996198,396.0,0.996207,0.99243,0.999903,0.999563,0.999733,20572.0,1.0,1.0,0.999033,0.000145,0.99894,0.999962,0.999687,859.9,,,,,,,
20260928-152254-rf,2026-09-28 16:33:01,RandomForest,F_NOOS,cv_fold3,"dedup vector trùng (F_ALL) + 5 fold theo nhóm (hash F_NOOS), phân tầng bộ dữ liệu×lớp, test = fold 0, seed 42",0e0a7f9226508a4acce7dce12d46e010bb59c171eb210581c5d79378bd977978,"{""min_samples_leaf"": 1, ""max_samples"": 0.25, ""max_features"": 0.35, ""max_depth"": 40, ""class_weight"": null, ""n_estimators"": 200}",0.99831,,521461.0,0.991696,0.999737,0.999866,0.999801,425192.0,0.999966,0.999986,0.999309,0.998792,0.99905,75306.0,0.999961,0.999901,0.989899,1.0,0.994924,392.0,0.999997,0.993015,0.999951,0.998979,0.999465,20571.0,0.999902,0.999808,0.999957,0.000134,0.998837,0.999966,0.999676,846.7,,,,,,,
20260928-152254-rf,2026-09-28 16:47:16,RandomForest,F_NOOS,cv_fold4,"dedup vector trùng (F_ALL) + 5 fold theo nhóm (hash F_NOOS), phân tầng bộ dữ liệu×lớp, test = fold 0, seed 42",0e0a7f9226508a4acce7dce12d46e010bb59c171eb210581c5d79378bd977978,"{""min_samples_leaf"": 1, ""max_samples"": 0.25, ""max_features"": 0.35, ""max_depth"": 40, ""class_weight"": null, ""n_estimators"": 200}",0.999654,,520658.0,0.993725,0.99979,0.999894,0.999842,424392.0,0.999989,0.999996,0.999402,0.99907,0.999236,75305.0,0.999988,0.999937,1.0,1.0,1.0,391.0,1.0,1.0,1.0,0.999076,0.999538,20570.0,1.0,0.999998,0.999994,0.000106,0.999075,0.999989,0.999743,849.7,,,,,,,
20260928-152254-rf,2026-09-28 16:47:16,RandomForest,F_NOOS,cv4_trung_binh,"dedup vector trùng (F_ALL) + 5 fold theo nhóm (hash F_NOOS), phân tầng bộ dữ liệu×lớp, test = fold 0, seed 42",0e0a7f9226508a4acce7dce12d46e010bb59c171eb210581c5d79378bd977978,"{""min_samples_leaf"": 1, ""max_samples"": 0.25, ""max_features"": 0.35, ""max_depth"": 40, ""class_weight"": null, ""n_estimators"": 200}",0.998831,0.000499,,0.995903,0.99975,0.999873,0.999812,,0.999965,0.999985,0.999309,0.998789,0.999049,,0.99996,0.999895,0.997475,0.996173,0.99681,,0.998728,0.995466,0.999964,0.999344,0.999653,,0.999976,0.999951,0.999657,0.000127,0.998896,0.999965,0.999693,,1.5e-05,0.000127,,,,,
20260928-152254-rf,2026-09-28 17:07:05,RandomForest,F_NOOS,test_argmax,"dedup vector trùng (F_ALL) + 5 fold theo nhóm (hash F_NOOS), phân tầng bộ dữ liệu×lớp, test = fold 0, seed 42",0e0a7f9226508a4acce7dce12d46e010bb59c171eb210581c5d79378bd977978,"{""min_samples_leaf"": 1, ""max_samples"": 0.25, ""max_features"": 0.35, ""max_depth"": 40, ""class_weight"": null, ""n_estimators"": 200, ""threshold"": null}",0.998437,,521936.0,0.996466,0.999789,0.999904,0.999846,425682.0,0.999995,0.999998,0.999495,0.998924,0.999209,75288.0,0.999996,0.999964,0.992424,0.997462,0.994937,394.0,0.999998,0.995994,0.999951,0.999563,0.999757,20572.0,1.0,0.999995,0.999997,9.6e-05,0.999065,0.999995,0.999747,1183.0,,,99.6,10000.0,46.79,980.0,
20260928-152254-rf,2026-09-28 17:07:06,RandomForest,F_NOOS,test_nguong,"dedup vector trùng (F_ALL) + 5 fold theo nhóm (hash F_NOOS), phân tầng bộ dữ liệu×lớp, test = fold 0, seed 42",0e0a7f9226508a4acce7dce12d46e010bb59c171eb210581c5d79378bd977978,"{""min_samples_leaf"": 1, ""max_samples"": 0.25, ""max_features"": 0.35, ""max_depth"": 40, ""class_weight"": null, ""n_estimators"": 200, ""threshold"": 0.36000000000000004}",0.998153,,521936.0,0.996498,0.999873,0.999838,0.999856,425682.0,0.999995,0.999998,0.999137,0.999362,0.99925,75288.0,0.999996,0.999964,0.989924,0.997462,0.993679,394.0,0.999998,0.995994,0.999951,0.999708,0.99983,20572.0,1.0,0.999995,0.999997,0.000162,0.999439,0.999995,0.999762,1183.0,,,99.6,10000.0,46.79,980.0,
20260928-152254-rf,2026-09-28 17:10:23,RandomForest,F_NOOS,cheo_test2017,"dedup vector trùng (F_ALL) + 5 fold theo nhóm (hash F_NOOS), phân tầng bộ dữ liệu×lớp, test = fold 0, seed 42",0e0a7f9226508a4acce7dce12d46e010bb59c171eb210581c5d79378bd977978,"{""min_samples_leaf"": 1, ""max_samples"": 0.25, ""max_features"": 0.35, ""max_depth"": 40, ""class_weight"": null, ""n_estimators"": 150}",0.377308,,1992275.0,,0.85732,0.962822,0.907014,1676871.0,0.636038,0.887776,0.430728,0.152188,0.224909,306365.0,0.645717,0.318838,,,,,,,0.0,0.0,0.0,9039.0,0.630898,0.019895,0.637551,0.037178,0.14808,0.636038,0.833798,,,,,,,,2018+2019
20260928-152254-rf,2026-09-28 17:13:44,RandomForest,F_NOOS,cheo_test2018,"dedup vector trùng (F_ALL) + 5 fold theo nhóm (hash F_NOOS), phân tầng bộ dữ liệu×lớp, test = fold 0, seed 42",0e0a7f9226508a4acce7dce12d46e010bb59c171eb210581c5d79378bd977978,"{""min_samples_leaf"": 1, ""max_samples"": 0.25, ""max_features"": 0.35, ""max_depth"": 40, ""class_weight"": null, ""n_estimators"": 150}",0.449355,,534895.0,,0.823092,0.98963,0.898711,441077.0,0.98174,0.996734,,,,,,,,,,,,,0.0,0.0,0.0,93818.0,0.999909,0.998927,0.990825,0.01037,0.0,0.98174,0.816054,,,,,,,,2017+2019
20260928-152254-rf,2026-09-28 17:19:29,RandomForest,F_NOOS,cheo_test2019,"dedup vector trùng (F_ALL) + 5 fold theo nhóm (hash F_NOOS), phân tầng bộ dữ liệu×lớp, test = fold 0, seed 42",0e0a7f9226508a4acce7dce12d46e010bb59c171eb210581c5d79378bd977978,"{""min_samples_leaf"": 1, ""max_samples"": 0.25, ""max_features"": 0.35, ""max_depth"": 40, ""class_weight"": null, ""n_estimators"": 150}",0.016205,,70429.0,,0.005069,1.0,0.010087,353.0,0.955806,0.145218,1.0,0.011288,0.022324,70076.0,0.965656,0.999736,,,,,,,,,,,,,0.960731,0.0,0.011302,0.955806,0.016243,,,,,,,,2017+2018
20260928-152254-rf,2026-09-28 17:33:12,RandomForest,F_ALL,cv_fold1,"dedup vector trùng (F_ALL) + 5 fold theo nhóm (hash F_NOOS), phân tầng bộ dữ liệu×lớp, test = fold 0, seed 42",0e0a7f9226508a4acce7dce12d46e010bb59c171eb210581c5d79378bd977978,"{""min_samples_leaf"": 1, ""max_samples"": 0.25, ""max_features"": 0.35, ""max_depth"": 40, ""class_weight"": null, ""n_estimators"": 200}",0.99849,,519446.0,0.999799,0.99978,0.999974,0.999877,423156.0,0.999977,0.99999,0.999854,0.998872,0.999362,75330.0,0.999971,0.999937,1.0,0.989691,0.994819,388.0,0.997419,0.994849,1.0,0.999806,0.999903,20572.0,1.0,1.0,0.999342,2.6e-05,0.999034,0.999977,0.9998,817.5,,,,,,,
20260928-152254-rf,2026-09-28 17:51:25,RandomForest,F_ALL,test_argmax,"dedup vector trùng (F_ALL) + 5 fold theo nhóm (hash F_NOOS), phân tầng bộ dữ liệu×lớp, test = fold 0, seed 42",0e0a7f9226508a4acce7dce12d46e010bb59c171eb210581c5d79378bd977978,"{""min_samples_leaf"": 1, ""max_samples"": 0.25, ""max_features"": 0.35, ""max_depth"": 40, ""class_weight"": null, ""n_estimators"": 200, ""threshold"": null}",0.998547,,521936.0,0.996698,0.999857,0.999967,0.999912,425682.0,0.999998,0.999999,0.999854,0.999309,0.999581,75288.0,1.0,0.999999,0.992424,0.997462,0.994937,394.0,0.999998,0.996152,0.999951,0.999563,0.999757,20572.0,1.0,0.999995,0.999999,3.3e-05,0.999366,0.999998,0.999854,1083.8,,,90.2,10000.0,45.8,813.0,
20260928-152254-rf,2026-09-28 17:51:26,RandomForest,F_ALL,test_nguong,"dedup vector trùng (F_ALL) + 5 fold theo nhóm (hash F_NOOS), phân tầng bộ dữ liệu×lớp, test = fold 0, seed 42",0e0a7f9226508a4acce7dce12d46e010bb59c171eb210581c5d79378bd977978,"{""min_samples_leaf"": 1, ""max_samples"": 0.25, ""max_features"": 0.35, ""max_depth"": 40, ""class_weight"": null, ""n_estimators"": 200, ""threshold"": 0.34}",0.998618,,521936.0,0.99988,0.999939,0.999944,0.999941,425682.0,0.999998,0.999999,0.999721,0.999708,0.999714,75288.0,1.0,0.999999,0.992424,0.997462,0.994937,394.0,0.999998,0.996152,0.999951,0.999806,0.999878,20572.0,1.0,0.999995,0.999999,5.6e-05,0.99973,0.999998,0.999902,1083.8,,,90.2,10000.0,45.8,813.0,
20260928-152254-rf,2026-09-28 17:54:18,RandomForest,F_ALL,cheo_test2017,"dedup vector trùng (F_ALL) + 5 fold theo nhóm (hash F_NOOS), phân tầng bộ dữ liệu×lớp, test = fold 0, seed 42",0e0a7f9226508a4acce7dce12d46e010bb59c171eb210581c5d79378bd977978,"{""min_samples_leaf"": 1, ""max_samples"": 0.25, ""max_features"": 0.35, ""max_depth"": 40, ""class_weight"": null, ""n_estimators"": 150}",0.371847,,1992275.0,,0.860172,0.935395,0.896208,1676871.0,0.623372,0.883956,0.368448,0.156141,0.219333,306365.0,0.626445,0.319493,,,,,,,0.0,0.0,0.0,9039.0,0.784003,0.022083,0.67794,0.064605,0.191583,0.623372,0.81132,,,,,,,,2018+2019
20260928-152254-rf,2026-09-28 17:57:32,RandomForest,F_ALL,cheo_test2018,"dedup vector trùng (F_ALL) + 5 fold theo nhóm (hash F_NOOS), phân tầng bộ dữ liệu×lớp, test = fold 0, seed 42",0e0a7f9226508a4acce7dce12d46e010bb59c171eb210581c5d79378bd977978,"{""min_samples_leaf"": 1, ""max_samples"": 0.25, ""max_features"": 0.35, ""max_depth"": 40, ""class_weight"": null, ""n_estimators"": 150}",0.44933,,534895.0,,0.823077,0.989528,0.89866,441077.0,0.980858,0.996609,,,,,,,,,,,,,0.0,0.0,0.0,93818.0,0.999951,0.998966,0.990404,0.010472,0.0,0.980858,0.815969,,,,,,,,2017+2019
20260928-152254-rf,2026-09-28 18:02:42,RandomForest,F_ALL,cheo_test2019,"dedup vector trùng (F_ALL) + 5 fold theo nhóm (hash F_NOOS), phân tầng bộ dữ liệu×lớp, test = fold 0, seed 42",0e0a7f9226508a4acce7dce12d46e010bb59c171eb210581c5d79378bd977978,"{""min_samples_leaf"": 1, ""max_samples"": 0.25, ""max_features"": 0.35, ""max_depth"": 40, ""class_weight"": null, ""n_estimators"": 150}",0.032161,,70429.0,,0.005155,1.0,0.010257,353.0,0.909976,0.029295,1.0,0.027784,0.054066,70076.0,0.917876,0.999421,,,,,,,,,,,,,0.913926,0.0,0.027798,0.909976,0.032657,,,,,,,,2017+2018
