dac_trung,impurity,permutation_mean,permutation_std
Total Length of Bwd Packets,0.03188465861064142,0.11098741664523859,0.0011215774414423377
PSH Flag Count,0.000811298599677155,0.019484921172737996,0.0015030276737690372
Bwd Packet Length Std,0.1666107145293312,0.007472825729951819,0.0009573988065016919
Average Packet Size,0.05210316673032003,0.005545295504009211,0.0005519769502238173
FIN Flag Count,0.00414998364560888,0.0041221285363268745,0.0005419432013564902
Min Packet Length,0.05779497204695179,0.0016770187698051942,5.844015299163e-05
Bwd Packet Length Mean,0.11180329057269744,0.0016211936429643508,0.00041577499779332766
Total Length of Fwd Packets,0.03738545702164473,0.001286604747358126,0.00039988495787152405
Bwd Packets/s,0.024470200229550532,0.0006541947480676417,0.0001576889203845868
Fwd Header Length,0.02352603635356788,0.0005734705646001093,1.8874557208990692e-05
Fwd IAT Min,0.0035537567536373027,0.0005441193429701618,2.5021269076235343e-05
dst_port_class,0.001348658952529917,0.00043446937361816634,0.00017812157547799812
ACK Flag Count,0.0006637296251795309,0.000228248025589739,0.00030357503251080367
Bwd Header Length,0.03137841674106062,0.00019023899345527173,1.0915841457883777e-05
Fwd Packet Length Min,0.03818764248682952,0.00016602098584694858,0.00013873675113812225
Fwd Packet Length Mean,0.0072205785255385615,0.00015542752163725618,0.0001630660932575288
Total Backward Packets,0.019977766553073165,0.00011270424795058649,2.565959104936509e-05
act_data_pkt_fwd,0.06325205865573454,9.020359880244448e-05,2.2156401536252798e-05
Fwd IAT Std,0.010111321561700836,8.379442090874119e-05,3.055288673972673e-05
Bwd Packet Length Max,0.026265960741051652,6.263878078642075e-05,3.831409792035772e-06
Fwd Packet Length Max,0.012333759179813672,5.941978193520677e-05,6.405238604251292e-06
Packet Length Std,0.08149957720226991,5.526545099058625e-05,3.7705815073554852e-06
Packet Length Variance,0.07939596777491284,5.3000836395922235e-05,1.580889081226487e-06
Fwd Packet Length Std,0.006017897429019307,4.1967791959122515e-05,7.5912734812411345e-06
Max Packet Length,0.021263836506992758,4.196769342072285e-05,6.551325076466421e-06
Fwd IAT Max,0.0037247399157399946,3.396971139080218e-05,5.546978837061101e-06
Bwd IAT Std,0.0021143429749907,2.9044802554796984e-05,7.536524645481136e-06
Flow Bytes/s,0.0036274632813583607,2.6510842180823186e-05,1.0290518647455342e-05
Total Fwd Packets,0.0216238886182056,2.2116028875511045e-05,8.334023304653333e-06
Flow Duration,0.0023134178729071527,2.038213818011947e-05,0.0
Bwd IAT Mean,0.001580687481732456,1.5852753728321883e-05,3.202758460466987e-06
SYN Flag Count,0.0009944853107630822,1.5322086334664437e-05,4.333802100146431e-06
Packet Length Mean,0.021256982251818955,1.3857327483083695e-05,3.202641966828978e-06
Bwd Packet Length Min,0.0005712803700408618,1.3588061502423088e-05,0.0
Flow Packets/s,0.0025630080037336027,8.393422353702995e-06,6.5511602957378425e-06
Flow IAT Min,0.0012719863490059033,6.7934254652050425e-06,5.546929069185752e-06
Fwd Packets/s,0.0012373136342994436,2.264671815040605e-06,3.2027295951545168e-06
URG Flag Count,0.0002581316962936527,2.264671815040605e-06,3.2027295951545168e-06
Flow IAT Max,0.0017927166754587334,7.997524769098874e-07,1.1310207993874384e-06
Bwd IAT Min,0.0012509493331002402,1.0201691343543947e-11,5.5472778872476624e-06
Idle Max,0.001664063909107403,0.0,0.0
Idle Mean,0.0001618285397118418,0.0,0.0
RST Flag Count,3.7422468148514517e-07,0.0,0.0
Bwd IAT Total,0.0005475499049580188,0.0,0.0
Active Min,0.0002511455095742391,0.0,0.0
Active Mean,0.0003787985706064411,0.0,0.0
Active Std,0.0012002576226714827,0.0,0.0
Active Max,0.0008066633284434957,0.0,0.0
Idle Std,0.00021223992395586787,0.0,0.0
Idle Min,0.0001307084321644197,0.0,0.0
Flow IAT Std,0.006235809515203349,-2.2645799954516357e-06,1.6013647993566968e-05
Fwd IAT Mean,0.002948071793217984,-2.2646208069539617e-06,1.1547585775568412e-05
Bwd IAT Max,0.001258855384889332,-2.2646616133492614e-06,3.2027151677842597e-06
Down/Up Ratio,0.0006698021111282676,-2.2646616133492614e-06,3.2027151677842597e-06
Fwd IAT Total,0.0022441502884556204,-2.2646616133492614e-06,3.2027151677842597e-06
Flow IAT Mean,0.0020975801424467826,-5.9942221641851035e-06,6.5511998060063125e-06
