cfg,min_samples_leaf,max_samples,max_features,max_depth,class_weight,cv_macro_f1_mean,cv_macro_f1_std,nut_moi_cay,giay
4,1,0.5,0.35,30.0,,0.9987509751258099,0.0003046404716051865,493,356.9
10,2,0.5,sqrt,,balanced,0.998724871145451,0.00018516224483258154,604,102.9
0,1,0.25,0.35,40.0,,0.9985768290613865,0.00028637580351921916,373,189.8
9,1,0.25,sqrt,,balanced,0.9985503344296042,0.0002604104675961833,511,57.9
7,5,0.5,sqrt,,balanced,0.9985079389167751,4.229014270415232e-05,509,101.4
11,5,0.5,0.35,20.0,balanced_subsample,0.9984574989545908,0.000207954647373263,427,281.0
5,10,0.5,0.2,40.0,balanced,0.998355296580093,5.574732969418765e-05,395,164.0
2,1,0.1,sqrt,20.0,balanced,0.9980859508711888,4.3491707641053855e-05,340,25.1
3,5,0.25,0.35,,balanced_subsample,0.9978829405521252,0.00046496141575849155,328,157.0
6,5,0.25,0.2,40.0,,0.9964313418676733,0.0012233280029388964,322,102.4
1,10,0.1,sqrt,30.0,balanced_subsample,0.9926968950687565,0.0026335257131296086,218,25.4
8,10,0.1,0.2,20.0,balanced,0.9925412874889242,0.0029065448203623497,200,35.7
