dac_trung,native_gain,permutation_mean,permutation_std
PSH Flag Count,19136.227114162048,0.02668440431150339,0.0012063391794374036
act_data_pkt_fwd,1120905.9317297915,0.010479004504912274,0.0006513354817341906
Flow IAT Min,17397.36286325453,0.0037424543582668113,0.0010815455988847122
Fwd Header Length,246174.38608051836,0.003364357993022963,0.000710563851012589
Fwd Packet Length Max,133472.4752590841,0.0031424716216394235,0.0003162388604314737
Bwd IAT Min,137080.87924437746,0.0030440017576907805,0.00016466393970675623
dst_port_class,19664.19959537848,0.0015268326030140427,0.00010242473295049216
Bwd Packet Length Min,828508.9552184223,0.001416418194216044,0.00041720662372071986
Average Packet Size,2155423.044477816,0.0012554350902573101,0.00015419656943816893
Bwd Header Length,1317702.3917784845,0.0009878980479544792,0.0001471582134610467
Packet Length Mean,683023.0916635949,0.0009760656501044037,1.4480086166416899e-05
ACK Flag Count,76331.74186674455,0.0008736905166212653,0.0004153691875194426
Total Length of Bwd Packets,472786.43675387197,0.0008300528136750603,0.00016527056715952062
Bwd Packets/s,88318.92089448335,0.0006992880561452383,0.00015447901102825
Bwd Packet Length Max,33822.66766982341,0.0005570656152875294,0.0004007720941171093
Fwd IAT Max,27974.852672589575,0.0005316581152821446,6.4059657241729225e-06
Fwd IAT Min,69149.83281566208,0.00041975453968379206,1.1285483232861689e-05
Fwd Packet Length Mean,396266.4460983861,0.0003715336422422573,5.66147447542223e-06
Fwd IAT Std,48421.40616567935,0.0003709126089168994,0.0001854193074960324
Fwd Packet Length Min,120960.83434434344,0.00036784847497062234,0.00015531258360129222
Fwd IAT Mean,15804.445929679632,0.00035048678257972493,0.0002594765799866821
Fwd Packet Length Std,276606.22771870816,0.0003237561159982194,0.00016184001167052737
Packet Length Std,389237.3262664809,0.0003196864853121835,0.00014062806540742374
Fwd IAT Total,7429.744759874331,0.0003105652225024273,0.00015717482224938506
Total Backward Packets,344628.3523593383,0.00028858212165638886,0.00016168284507462656
Flow Duration,25675.807071670308,0.0002773956585842008,0.0001530521314341287
Bwd Packet Length Mean,321588.97524864477,0.00027046546296238816,0.00014811703121504226
Bwd IAT Std,17650.06684329862,0.00022903911083934267,0.0001507919017604076
FIN Flag Count,24952.27050873288,0.00022193195935645468,1.3960585928315917e-05
Flow IAT Std,24409.606869271316,0.0002047942011380958,0.00014025494077395025
Fwd Packets/s,10150.73017691743,0.0001748594238338841,0.00015604437517575753
Flow Bytes/s,22081.04744263002,0.00017451462039867285,6.4057663101808616e-06
Flow IAT Max,11557.83016037196,0.00012175919086754305,1.1306540316763392e-05
Bwd IAT Max,5547.729096750263,9.284957319329508e-05,1.6947430589778174e-05
Total Length of Fwd Packets,160010.47941575618,9.139781234394444e-05,1.3301872545630084e-05
Bwd Packet Length Std,312190.19667907304,6.953681293960419e-05,1.1151153106817301e-05
Flow Packets/s,1335.623896514211,6.793847697258067e-05,2.000067518071258e-05
Min Packet Length,18509.144796026172,5.568482125917207e-05,2.7708483577167065e-05
SYN Flag Count,16447.414133227896,5.55872543046935e-05,3.202420835478125e-06
Total Fwd Packets,55237.03855526942,3.623328976598561e-05,8.473389476746264e-06
Flow IAT Mean,7072.559442037047,3.622756269964592e-05,1.1544780234711958e-05
Packet Length Variance,11251.66561800614,2.717489886246612e-05,9.607831405152682e-06
Bwd IAT Total,9669.524366121972,2.5045729633984177e-05,8.473178676184786e-06
URG Flag Count,27109.371396292,1.8116568824592488e-05,1.1547156372056537e-05
Active Max,292614.82588863163,5.329177882688422e-06,7.536595637996701e-06
Active Min,1987.260886963766,2.264557162641919e-06,3.2025674521773362e-06
Down/Up Ratio,8764.862457138603,2.264557162641919e-06,3.2025674521773362e-06
Max Packet Length,78014.89767017022,1.5996116253062336e-06,2.206580657438643e-05
RST Flag Count,630.8960931301117,0.0,0.0
Active Std,4882.073771238327,0.0,0.0
Active Mean,54694.792411215836,0.0,0.0
Idle Min,1440.664541319944,0.0,0.0
Idle Std,212.97571565583348,0.0,0.0
Idle Max,6234.077631726861,-9.058536445579376e-06,1.154640189686614e-05
Idle Mean,402.2780151809566,-1.1322884009956624e-05,8.47287084415664e-06
Bwd IAT Mean,18335.585311851297,-2.0380821963391266e-05,5.546922692395767e-06
