cfg,subsample,reg_lambda,num_leaves,min_child_samples,learning_rate,cw_power,colsample_bytree,cv_macro_f1_mean,cv_macro_f1_std,do_phuc_tap,vong_hoac_epoch,giay
4,1.0,1,63,50,0.05,1,0.8,0.9988534768471593,0.0001325968679838221,26444.25,419.75,181.8
7,0.7,0,31,100,0.1,0.5,0.8,0.998839748925878,0.0002968092903757696,3200.75,103.25,52.8
11,1.0,1,63,50,0.1,1,0.8,0.9987853363759709,0.0001904900941654049,17923.5,284.5,131.4
5,0.7,5,63,20,0.05,1,0.8,0.9987611445452415,8.079068792459564e-05,27562.5,437.5,181.7
10,0.85,5,255,20,0.05,1,0.6,0.9987606254266773,0.00020069958572967219,144266.25,565.75,290.7
2,1.0,1,255,100,0.1,0,0.8,0.9987273530486622,0.00021000031688926213,61646.25,241.75,124.8
0,0.85,0,63,50,0.05,1,0.8,0.9987124869861861,0.0001884345462185545,12962.25,205.75,113.5
8,0.7,0,127,20,0.1,0.5,1.0,0.9987008583197298,0.00014822337449514348,9144.0,72.0,69.0
6,1.0,1,255,100,0.1,0.5,1.0,0.9986737513026769,0.00012027673806643311,51382.5,201.5,110.8
9,0.85,1,63,20,0.1,0,0.6,0.9986415281873804,0.00029765485689355764,10599.75,168.25,91.7
1,0.85,0,127,50,0.1,0,1.0,0.998632034124323,7.762157782862803e-05,16287.75,128.25,87.8
3,0.85,5,255,100,0.1,1,0.8,0.9986033354211326,8.165626774258953e-05,63240.0,248.0,126.3
